{
  "summaries": {
    "relL1": {
      "mean": 0.19979891552446188,
      "median": 0.18529646557519852,
      "p90": 0.3329934426659798,
      "p95": 0.39052963045650013,
      "p99": 0.5039042772579844
    },
    "relL2": {
      "mean": 0.17589054633154036,
      "median": 0.16769751340269765,
      "p90": 0.2818990898765359,
      "p95": 0.316213587746965,
      "p99": 0.3925626932968073
    },
    "sMAPE": {
      "mean": 0.4314665916776994,
      "median": 0.39275249444332533,
      "p90": 0.7987129602190024,
      "p95": 0.9181277980717232,
      "p99": 1.1984403950302684
    },
    "leak_abs_err": {
      "mean": 0.32144227534925773,
      "median": 0.2405901551246643,
      "p90": 0.7313464045524601,
      "p95": 0.8992096330970526,
      "p99": 1.2678250050544748
    },
    "leak_rel_err": {
      "mean": 0.7526583609230507,
      "median": 0.27080415667422053,
      "p90": 2.465148470232292,
      "p95": 3.5101052392851964,
      "p99": 5.166481717865638
    }
  },
  "coverage": {
    "relL1": {
      "<= 5%": 0.011444444444444445,
      "<= 10%": 0.166,
      "<= 15%": 0.37166666666666665
    },
    "relL2": {
      "<= 5%": 0.014666666666666666,
      "<= 10%": 0.192,
      "<= 15%": 0.42333333333333334
    },
    "sMAPE": {
      "<= 5%": 0.00044444444444444447,
      "<= 10%": 0.042444444444444444,
      "<= 15%": 0.123
    },
    "leak_rel_err": {
      "<= 5%": 0.11933333333333333,
      "<= 10%": 0.24166666666666667,
      "<= 15%": 0.35344444444444445
    }
  }
}